Дата,Непроіндексовані сторінки
2026-02-14,2
2026-02-15,2
2026-02-16,2
2026-02-17,2
2026-02-18,2
2026-02-19,2
2026-02-20,2
2026-02-21,2
2026-02-22,2
2026-02-23,2
2026-02-24,2
2026-02-25,2
2026-02-26,2
2026-02-27,2
2026-02-28,2
2026-03-01,2
2026-03-02,2
2026-03-03,2
2026-03-04,2
2026-03-05,2
2026-03-06,2
2026-03-07,2
2026-03-08,2
2026-03-09,2
2026-03-10,2
2026-03-11,2
2026-03-12,2
2026-03-13,2
2026-03-14,2
2026-03-15,2
2026-03-16,2
2026-03-17,2
2026-03-18,2
2026-03-19,2
2026-03-20,2
2026-03-21,2
2026-03-22,2
2026-03-23,2
2026-03-24,2
2026-03-25,90
2026-03-26,90
2026-03-27,90
2026-03-28,90
2026-03-29,54
2026-03-30,54
2026-03-31,54
2026-04-01,5
2026-04-02,5
2026-04-03,5
2026-04-04,5
2026-04-05,8
2026-04-06,8
2026-04-07,18
2026-04-08,18
2026-04-09,18
2026-04-10,18
2026-04-11,224
2026-04-12,224
2026-04-13,224
2026-04-14,68
2026-04-15,68
2026-04-16,68
2026-04-17,68
2026-04-18,67
2026-04-19,67
2026-04-20,67
2026-04-21,192
2026-04-22,192
2026-04-23,192
2026-04-24,192
2026-04-25,78
2026-04-26,78
2026-04-27,78
2026-04-28,94
2026-04-29,94
2026-04-30,94
2026-05-01,94
2026-05-02,196
2026-05-03,196
2026-05-04,196
2026-05-05,122
2026-05-06,122
2026-05-07,122
2026-05-08,122
2026-05-09,142
2026-05-10,142
2026-05-11,142